indicator,slot,trades,wins,losses,win_rate,expectancy_pips,profit_factor,max_drawdown_pips,max_drawdown_pct,dd_breaker_skips,news_skips,bridge_skips,continuation_trades,volume_skips,trades_per_symbol,fix5_trades,fix5_expectancy_pips,fix5_profit_factor
DEMA.mq5,BASELINE,54,30,24,55.6,13.75,1.6,-364.2,6.46,0,0,25,1,81,EURUSD:23 GBPUSD:18 USDJPY:13,54,13.39,1.58
TEMA.mq5,BASELINE,62,35,27,56.5,11.75,1.51,-347.9,7.92,0,0,42,1,94,EURUSD:28 GBPUSD:21 USDJPY:13,62,11.53,1.5
FrAMA.mq5,BASELINE,48,26,22,54.2,4.17,1.15,-781.1,3.58,0,0,16,0,65,EURUSD:17 GBPUSD:19 USDJPY:12,48,3.78,1.14
ColorLine.mq5,BASELINE,51,28,23,54.9,3.23,1.12,-513.4,3.65,0,0,20,0,61,EURUSD:21 GBPUSD:20 USDJPY:10,51,3.22,1.12
Custom Moving Average.mq5,BASELINE,29,16,13,55.2,1.47,1.05,-617.6,7.92,0,0,16,0,53,EURUSD:13 GBPUSD:9 USDJPY:7,29,0.97,1.03
ZigZag.mq5,BASELINE,0,0,0,0.0,0.0,0.0,0.0,0.0,0,0,1,0,41,EURUSD:0 GBPUSD:0 USDJPY:0,0,0.0,0.0
AMA.mq5,BASELINE,26,12,14,46.2,-5.7,0.84,-564.4,6.99,0,0,15,0,53,EURUSD:12 GBPUSD:8 USDJPY:6,26,-4.97,0.86
VIDYA.mq5,BASELINE,24,12,12,50.0,-6.21,0.83,-604.2,7.57,0,0,17,0,53,EURUSD:10 GBPUSD:10 USDJPY:4,24,-6.72,0.82
Envelopes.mq5,CONFIRMATION_1,0,0,0,0.0,0.0,0.0,0.0,0.0,0,0,18,0,32,EURUSD:0 GBPUSD:0 USDJPY:0,0,0.0,0.0
RVI.mq5,CONFIRMATION_1,41,21,20,51.2,-2.39,0.92,-643.9,8.54,0,0,7,2,89,EURUSD:12 GBPUSD:20 USDJPY:9,41,-2.61,0.92
Stochastic.mq5,CONFIRMATION_1,9,1,8,11.1,-73.48,0.03,-661.4,10.05,44,0,0,0,131,EURUSD:3 GBPUSD:4 USDJPY:2,54,-1.31,0.96
