indicator,slot,trades,wins,losses,win_rate,expectancy_pips,expectancy_pips_breaker,profit_factor,max_drawdown_pips,max_drawdown_pct,dd_breaker_skips,news_skips,bridge_skips,continuation_trades,volume_skips,symbols_traded
ZigZag.mq5,BASELINE,11,7,4,63.6,19.57,19.57,3.62,-48.8,1.6,0,0,18,2,1837,7
VIDYA.mq5,BASELINE,1272,598,674,47.0,6.38,16.89,1.19,-1547.5,40.32,854,0,716,46,2535,28
Custom Moving Average.mq5,BASELINE,1431,663,768,46.3,5.92,12.16,1.18,-2134.6,51.18,1190,0,621,22,2638,28
FrAMA.mq5,BASELINE,1632,749,883,45.9,4.01,25.93,1.11,-2331.3,52.61,1512,0,721,20,2795,28
AMA.mq5,BASELINE,1244,584,660,46.9,3.53,0.0,1.1,-2215.1,48.05,1232,0,747,22,2540,28
ColorLine.mq5,BASELINE,1642,753,889,45.9,2.12,17.68,1.06,-2396.8,71.35,1468,0,945,6,3061,28
DEMA.mq5,BASELINE,1731,754,977,43.6,1.82,20.51,1.05,-2887.2,68.49,1530,0,1620,8,3633,28
TEMA.mq5,BASELINE,1979,857,1122,43.3,0.55,16.63,1.02,-3697.1,70.89,1734,0,2174,4,4224,28
RVI.mq5,CONFIRMATION_1,1933,948,984,49.0,4.51,0.0,1.15,-2222.7,36.08,1899,0,291,77,3668,28
Stochastic.mq5,CONFIRMATION_1,2424,1074,1350,44.3,0.79,0.0,1.02,-5009.6,66.05,2405,0,33,97,5121,28
Envelopes.mq5,CONFIRMATION_1,0,0,0,0.0,0.0,0.0,0.0,0.0,0.0,0,0,1209,0,1577,0
